{
  "Ag": 0,
  "Al": 1,
  "As": 2,
  "Au": 3,
  "B": 4,
  "Ba": 5,
  "Be": 6,
  "Bi": 7,
  "Br": 8,
  "C": 9,
  "Ca": 10,
  "Cd": 11,
  "Cl": 12,
  "Co": 13,
  "Cr": 14,
  "Cs": 15,
  "Cu": 16,
  "F": 17,
  "Fe": 18,
  "Ga": 19,
  "Ge": 20,
  "H": 21,
  "Hf": 22,
  "Hg": 23,
  "I": 24,
  "In": 25,
  "Ir": 26,
  "K": 27,
  "Li": 28,
  "Mg": 29,
  "Mn": 30,
  "Mo": 31,
  "N": 32,
  "Na": 33,
  "Nb": 34,
  "Ni": 35,
  "O": 36,
  "Os": 37,
  "P": 38,
  "Pb": 39,
  "Pd": 40,
  "Pt": 42,
  "Rb": 43,
  "Re": 44,
  "Rh": 45,
  "Ru": 46,
  "S": 47,
  "Sb": 48,
  "Sc": 49,
  "Se": 50,
  "Si": 51,
  "Sn": 52,
  "Sr": 53,
  "Ta": 54,
  "Tc": 55,
  "Te": 56,
  "Ti": 57,
  "Tl": 58,
  "V": 59,
  "W": 60,
  "Y": 61,
  "Zn": 62,
  "Zr": 63
}